byline,headline
By SIMON ROMERO and JONATHAN MARTIN,"G.O.P. Dislikes Separation, but Likes ‘Zero Tolerance’ More"
"By MICHAEL D. SHEAR, ABBY GOODNOUGH and MAGGIE HABERMAN","Trump Retreats on Policy, but Many May Remain Apart"
,What Trump’s Executive Order Does and Does Not Do
,
By LIZ ROBBINS,Hundreds of Children Quietly Sent to New York
,Immigration Supporters Flock to Meet Children in New York
By CARL HULSE,A Hope That Border Action Will Head Off Political Threat
By PETER BAKER and KATIE ROGERS,"In Trump Era, Talk Gets Ugly, Starting at the Top"
By NELSON D. SCHWARTZ,Trump’s Advantage in a Trade War: A Strong Economy
By GLENN THRUSH and ERICA L. GREEN,Trump to Propose Government Reorganization
,Trump Tells G.O.P. Not to Undercut Him on Chinese Telecom Firm
By MATT FLEGENHEIMER 7:49 AM ET,"As Cruz Runs Again, Trump Still Makes Things Complicated"
,Trump and Cruz: Friends? Enemies? Frenemies?
By ALEXANDER BURNS,Bloomberg to Back House Democrats With $80 Million
By RICK GLADSTONE and MAGGIE HABERMAN,U.N. Report Left Out Damning Details on Syria Attack
By FARHAD MANJOO,How Big Tech Firms Became the Urban Power Brokers
By BRIAN X. CHEN,Firefox Is Back. It’s Time to Give It a Try.
By ADAM SATARIANO 9:55 AM ET,Intel C.E.O. Resigns Over Past Affair With Employee
,Sara Netanyahu Indicted on Fraud Charges in Israel
,Up to 192 Presumed Dead After Ferry Meant to Carry 40 Sinks
,Michael Cohen Inquiry Moves to National Enquirer Publisher
,Trump Said to Be Meeting Queen Elizabeth II Next Month
By LIVIA ALBECK-RIPKA 5:00 AM ET,Climate Change Brought a Lobster Boom. Now It Could Cause a Bust.
By CHRIS STANFORD 9:31 AM ET,Your Thursday Briefing
,
By THOMAS FULLER and MATT STEVENS 8:54 AM ET,California Today: Muir Woods Reclaims Its Land
,Listen to ‘The Daily’: Ending Migrant Policy
,Listen to ‘The Daily’: Ending Migrant Policy
By ANN CARRNS,Hurricane Season Has Begun. Do You Need Flood Insurance?
,Graduation Gift Ideas
,
"By LISA SANDERS, M.D.",This Teenager Can’t Keep Down Food and Drink. Can You Help?
By RAÚL VILCHIS,Broadcaster’s Quandary: The Word for ‘Soccer Ball’ in the Language of the Incas
,Denmark on Pace to Advance After Draw With Australia
,"The World Cup Extends to Siberia, Although It Isn’t an Easy Reach"
By HEATHER MURPHY 5:00 AM ET,A Pastor and a Popcorn Shop Owner Helped Save Pride
By MARGOT SANGER-KATZ and THOMAS KAPLAN,Which Opioid Bills Would Actually Help?
By JESSE McKINLEY,Legislative Session in Albany Sputters to the Finish Line
By THE NEW YORK TIMES,9 Ways to Get the Most Out of Your Times Subscription
,It’s Almost Summer. Finally.
,Gender Letter
,"New Zealand’s Leader, Jacinda Ardern, Delivers a Baby Girl"
,"Talk Is Good, Action Is Better"
,"Border Children, North Korea, Global Trade: Your Thursday Briefing"
,Overlooked No More: The Indian Frida Kahlo
,36 Hours in Napa Valley
,"Yes, Tommy Orange’s New Novel Really Is That Good"
,Andrew Cuomo: A Moral Outrage New York Will Not Tolerate
"By DOUG BALDWIN, ANQUAN BOLDIN, MALCOLM JENKINS and BENJAMIN WATSON 6:00 AM ET","President Trump, Here’s Whom You Should Pardon"
,Editorial: How the Government Can Lower Drug Prices
,Blow: The King and Queen of Cruelty
,"Kristof: Trump Wasn’t First to Separate Families, but Policy Was Still Evil"
,Krugman: The Devil and Tom Donohue
By ROGER COHEN 6:53 AM ET,The Prince Who Would Remake the World
,Greenhouse: A Question of Legitimacy Looms for the Supreme Court 6:00 AM ET
,Why Hasn’t Trump Lost the Evangelical Vote? Ralph Reed Explains
,Standing By as Prisoners Are Raped
,Sign Up for Our World Cup Newsletter »
,Meet the Woman Who ‘Really Runs’ the New York Times Newsroom
,We Want to Hear From You
,Play Today’s Puzzle
,Meet the Woman Who ‘Really Runs’ the New York Times Newsroom
,Play Today’s Puzzle
,Play Today’s Puzzle
,
,
,Kimmel on Trump’s Executive Order
,The Man Who Could Topple Erdogan
,"Transit in New York, With Apps in Hand"
,40 Ways to Do Justice to Summer Tomatoes
,Here’s How to Break the Impasse on Climate
,The Benefits of ‘Tummy Time’
,"Horrific Details on Syria Chemical Attacks Left Out, for Now, From U.N. Report"
,Sara Netanyahu Indicted on Fraud Charges in Israel
,Canadians Brace for Cultural Changes as Marijuana Becomes Legal
,Trump’s Ace in the Hole in Trade War: A Strong Economy
,Chanel Publishes Annual Results for First Time in 108 Years
,Is There a Smarter Path to Artificial Intelligence? Some Experts Hope So
,Andrew Cuomo: A Moral Outrage New York Will Not Tolerate
,Charles M. Blow: The King and Queen of Cruelty
,"Nicholas Kristof: Trump Wasn’t First to Separate Families, but Policy Was Still Evil"
,How a Pastor and a Popcorn Shop Owner Helped Save Pride in Starkville
,Where Trump’s ‘Zero Tolerance’ Immigration Policy Began
,How Trump’s Policy Change Led Migrant Children to Be Separated From Their Parents
,Tech Fix: Firefox Is Back. It’s Time to Give It a Try.
,Is There a Smarter Path to Artificial Intelligence? Some Experts Hope So
,Instagram Allows Longer Videos in Challenge to YouTube
,Critic’s Notebook: Images of the Border Crises Speak Louder Than ‘Womp Womp’
,Josh Brolin Fears the Summer of Josh Brolin
,"‘It Was 11 Guys on a Bus, and Then Me’: Women on the Warped Tour"
,Ted Cruz Is Running Again. Trump Is Still Making Things Complicated.
,Defense Dept. to Help Justice Dept. Prosecute Immigration Cases
,Senate Rejects White House Plan to Cancel Unused Funding
,Unbuttoned: It’s 2018: You Can Run for Office and Not Wear a Pantsuit
,The Glamorous Grandmas of Instagram
,Skin Deep: The Wellness World’s Buzzy New Best Friend
,Review: ‘Jurassic World: Fallen Kingdom’ Brings the Gang Back. Sigh.
,"‘First Reformed’ Asks, Can God Forgive Us? Its Director Has an Answer"
,Josh Brolin Fears the Summer of Josh Brolin
,New York Today: New York Today: Graduating From a Graveyard
,Hundreds of Separated Children Have Quietly Been Sent to New York
,Protesters Flock to La Guardia to Support Immigrant Children
,"Yankees 7, Mariners 5: With Walk-Off Homer, Giancarlo Stanton Finally Gets His Moment at Yankee Stadium"
,Denmark on Pace to Advance in World Cup After Draw With Australia
,Sports of The Times: Tank to the Top? Not So Fast
,"Review: In a Teenage Take on ‘Richard III,’ Now Is the Prom of Our Discontent"
,Falling for the Lure of the Stage. The Backstage.
,"Review: ‘Sugar in Our Wounds’ May Make You Cry About the Past, and the Present"
,Thursday’s Summer Solstice and the Search for Life in the Galaxy
,Newly Discovered ‘Limb Pit’ Reveals Civil War Surgeons’ Bitter Choices
,ScienceTake: The Elephant’s Superb Nose
,"Stanley Cavell, Prominent Harvard Philosopher, Dies at 91"
,"Peter Thomson, 88, Australian Golfer With 5 British Open Wins, Dies"
,"Kazuo Kashio, a Founder of Casio Computer, Dies at 89"
,Critic’s Notebook: Images of the Border Crises Speak Louder Than ‘Womp Womp’
,summer watching: One-Season Wednesdays: ‘Bunheads’
,"The Handmaid's Tale: ‘The Handmaid’s Tale’ Season 2, Episode 10: Detachment"
,"Amazon, Berkshire Hathaway and JPMorgan Name C.E.O. for Health Initiative"
,"A Troubling Prognosis for Migrant Children in Detention: ‘The Earlier They’re Out, the Better’"
,"Global Health: Nearly Eradicated in Humans, the Guinea Worm Finds New Victims: Dogs"
,36 Hours: 36 Hours in Napa Valley
,An L.G.B.T.Q. Guide to Traveling Safely Abroad
,"Explorer: On a Canoe Trip Along the U.S.-Canada Border, Solitude and Shooting Stars"
,Books of The Times: Seeing the Art World Through Personal and Political Lenses
,The Enthusiast: In Praise of Julia Alvarez
,Books of The Times: Sonnets That Reckon With Donald Trump’s America
,Colleges and State Laws Are Clamping Down on Fraternities
,"In the Age of Trump, Civics Courses Make a Comeback"
,Colleges Grapple With Where — or Whether — to Draw the Line on Free Speech
,Discovering the Art of Craft
,Restaurant Review: Legacy Records Looks for History in a Brand New Neighborhood
,Osteria Francescana Tops World’s 50 Best Restaurants List
,Feature: How ‘Desus & Mero’ Conquered Late Night
,Doctors Don’t Know Why This Teenager Can’t Keep Down Food and Drink. Can You Help?
,Feature: How One Conservative Think Tank Is Stocking Trump’s Government
,International Real Estate: House Hunting in … Hungary
,"What You Get: $250,000 Homes in Vermont, Virginia and New York"
,"Living In: Upper Saddle River, N.J.: Quiet and Neat as a Pin"
,Congress Is Writing Lots of Opioid Bills. But Which Ones Will Actually Help?
,The New Health Care: Why the Medical Research Grant System Could Be Costing Us Great Ideas
,Trade Skirmish or War? Who Gets Hurt?
,"After Volcano Eruption in Guatemala, Re-creating a Truck Covered in Ash"
,Meet the Woman Who ‘Really Runs’ the New York Times Newsroom
,"Writing About Earthquakes, and Feeling One"
,Elon Musk Accuses Tesla Employee of Sabotage
,"Wheels: When Cars Do the Driving, Who Will Feel the Joy?"
,"Ford Aims to Revive a Detroit Train Station, and Itself"
,Why Have There Been No Great Black Art Dealers?
,Meet an Artist Who Matches His Suit to His Couch
,"10 Polaroids: Craig Green Shares a Glimpse Into His Creative World, in Polaroids"
By ROXANA POPESCU,House Hunting in … Hungary
,Search for Homes for Sale or Rent
,Mortgage Calculator
